title,author,url,content
"Survey Finds More Python Developers Like PostgreSQL, AI Coding Agents - and Rust for Packages",EditorDavid,https://developers.slashdot.org/story/25/08/25/0527225/survey-finds-more-python-developers-like-postgresql-ai-coding-agents---and-rust-for-packages,"Most still use older Python versions despite benefits of newer releases... Many of us (15%) are running on the very latest released version of Python, but more likely than not, we're using a version … [+2017 chars]"
New Python Documentary Released On YouTube,EditorDavid,https://developers.slashdot.org/story/25/08/30/0314222/new-python-documentary-released-on-youtube,"""From a side project in Amsterdam to powering AI at the world's biggest companies — this is the story of Python,"" says the description of a new 84-minute documentary.Long-time Slashdot reader destiny… [+2841 chars]"
"Burmese pythons in Florida digest prey, including skeletons. Here's how","Cheryl McCloud, Treasure Coast Newspapers",https://www.palmbeachpost.com/story/news/2025/08/20/pythons-in-florida-digest-skeletons-with-bone-digesting-cell/85708402007/,"Just when you thought you knew everything about one of Florida's least-favorite invasive species, a surprise emerges.
Scientists have discovered a new type of cell that helps Burmese pythons digest … [+4141 chars]"
Reloading Classes in Python,,https://andrewpwheeler.com/2025/08/26/reloading-classes-in-python-and-shared-borders/,"For some housekeeping, if you are not signed up, also make sure to sign up for the RSS feed of my crime de-coder blog. I have not been cross posting here consistently. For the last few posts:
For AS… [+4387 chars]"
Anatomy of a Python Loop,Oren Cohen,https://orencodes.io/anatomy-of-a-python-loop/,"Last time, when we built our little dice-rolling function, we learned how to package up logic into reusable blocks. One die roll at a time was cool but any tabletop nerd knows the real action starts … [+3425 chars]"
Python f-string cheat sheet,,https://fstring.help/cheat/,"See fstring.help for more examples and for a more detailed discussion of this syntax see this string formatting article.
All numbers
The below examples assume the following variables:
&gt;&gt;&gt;… [+4262 chars]"
PYX: The next step in Python packaging,,https://astral.sh/pyx,"Speed up installs from PyPI, PyTorch, and your own private sources with optimized artifacts and uv-native metadata APIs. An order of magnitude faster than other private registries.
Create dedicated … [+487 chars]"
PYX: The next step in Python packaging,,https://astral.sh/blog/introducing-pyx,"TL;DR:pyx is a Python-native package registry and the first piece of the Astral
platform, our next-generation infrastructure for the Python ecosystem.
We think of pyx as an optimized backend for uv… [+4751 chars]"
Sharing a mutable reference between Rust and Python,,https://blog.lilyf.org/posts/python-mutable-reference/,"Background#
As part of my ongoing project to reimplement Django’s templating language in Rust, I have been adding support for custom template tags.
The simplest custom tag will look something like:… [+13754 chars]"
heise+ | Webseiten mit Playwright un Python scrapen,Dr. Roland Pleger,https://www.heise.de/ratgeber/Webseiten-mit-Playwright-un-Python-scrapen-10511227.html?wt_mc=rss.red.ho.ho.atom.beitrag_plus.beitrag_plus,"Inhaltsverzeichnis
Das Zusammentragen von Informationen aus Webseiten ist dann simpel, wenn das Ziel eine statische Seite ist hier reicht ein einfaches Python-Skript, das die Webseite über das Reque… [+1588 chars]"
Further Adventures in Colorimeter Hacking,Aaron Beckendorf,https://hackaday.com/2025/09/09/further-adventures-in-colorimeter-hacking/,"One of the great things about sharing hacks is that sometimes one persons work inspires someone else to take it even further. A case in point is [Ivor]s colorimeter hacking (parts two and three), whi… [+2314 chars]"
Measuring Nanoparticles by Scattering a Laser,Aaron Beckendorf,https://hackaday.com/2025/08/30/measuring-nanoparticles-by-scattering-a-laser/,"A fundamental difficulty of working with nanoparticles is that your objects of study are too small for an optical microscope to resolve, and thus measuring their size can be quite a challenge. Of cou… [+1891 chars]"
Python has had async for 10 years – why isn't it more popular?,,https://tonybaloney.github.io/posts/why-isnt-python-async-more-popular.html,"The Python Documentary dropped this morning. In the middle of the documentary, there’s a dramatic segment about how the transition from Python 2 to 3 divided the community (spoiler alert: it didn’t i… [+17586 chars]"
"Static sites with Python, uv, Caddy, and Docker",,https://nkantar.com/blog/2025/08/static-python-uv-caddy-docker/,"Wednesday, August 20, 2025
Static Sites with Python, uv, Caddy, and Docker
My preferred deployment stack for Python-built static sites.
Ive largely switched to uv at this point and its been pretty… [+8479 chars]"
ThinkMesh: A Python lib for parallel thinking in LLMs,martianlantern,https://github.com/martianlantern/ThinkMesh,"ThinkMesh is a python library for running diverse reasoning paths in parallel, scoring them with internal confidence signals, reallocates compute to promising branches, and fuses outcomes with verifi… [+5074 chars]"
SpaCy: Industrial-Strength Natural Language Processing (NLP) in Python,explosion,https://github.com/explosion/spaCy,"spaCy is a library for advanced Natural Language Processing in Python and
Cython. It's built on the very latest research, and was designed from day one to
be used in real products.
spaCy comes wit… [+8515 chars]"
Dynamically patch a Python function's source code at runtime,,https://ericmjl.github.io/blog/2025/8/23/wicked-python-trickery-dynamically-patch-a-python-functions-source-code-at-runtime/,"So today, I learned a very dangerous and yet fascinating trick.
It's possible to dynamically change a Python function's source code at runtime.
What this does is open a world of possibilities in bu… [+14632 chars]"
Uv format: Code Formatting Comes to uv (experimentally),,https://pydevtools.com/blog/uv-format-code-formatting-comes-to-uv-experimentally/,"The latest uv release (0.8.13) quietly introduced an experimental new command that Python developers have been waiting for: uv format. This addition brings code formatting directly into uv’s toolkit,… [+1568 chars]"
heise+ | Diffusers: Wie Sie Bilder mit Python und KI lokal generieren und verändern,Gerhard Völkl,https://www.heise.de/ratgeber/Diffusers-Wie-Sie-Bilder-mit-Python-und-KI-lokal-generieren-und-veraendern-10622725.html?wt_mc=rss.red.ho.ho.atom.beitrag_plus.beitrag_plus,"Inhaltsverzeichnis
Mit der Bibliothek Diffusers reichen in Python nur zwei Programmzeilen aus, um per KI Bilder zu generieren. Das Programm erzeugt eine Verarbeitungs-Pipeline und erstellt damit bel… [+1377 chars]"
dbcrust: The modern database CLI that speaks your language,clement-tourriere,https://github.com/clement-tourriere/dbcrust,"A modern database CLI that speaks your language. DBCrust combines the speed of Rust with intelligent features like context-aware autocompletion, SSH tunneling, Vault integration, and powerful Django … [+3628 chars]"
Debugging vs Printing,Al Williams,https://hackaday.com/2025/09/11/debugging-vs-printing/,"We’ll admit it. We have access to great debugging tools and, yes, sometimes they are invaluable. But most of the time, we’ll just throw a few print statements in whatever program we’re running to bet… [+1108 chars]"
Reverse Engineering a (Toy) Fire Engine,Al Williams,https://hackaday.com/2025/09/06/reverse-engineering-a-toy-fire-engine/,"Your kid has a toy remote control fire truck. You have an RTL SDR. See where this is going? [Jacob] couldn’t resist tearing into the why and how of the truck’s remote control protocol.
The entire pr… [+1078 chars]"
Universal Tool Calling Protocol (UTCP),universal-tool-calling-protocol,https://github.com/universal-tool-calling-protocol/python-utcp,"The Universal Tool Calling Protocol (UTCP) is a modern, flexible, and scalable standard for defining and interacting with tools across a wide variety of communication protocols. UTCP 1.0.0 introduces… [+13885 chars]"
Show HN: Omnara – Run Claude Code from Anywhere,omnara-ai,https://github.com/omnara-ai/omnara,"Your AI workforce launchpad, in your pocket.
Download iOS AppTry Web DashboardStar on GitHub
Omnara transforms your AI agents (Claude Code, Cursor, GitHub Copilot, and more) from silent workers int… [+7536 chars]"
A noise attack on license plate readers (Flock AI),bennjordan,https://github.com/bennjordan/PlateShapez,"A research tool for generating adversarially perturbed license plate overlays on vehicle images, producing structured datasets with reproducibility, transparency, and ethical guardrails.
Design Prin… [+7304 chars]"
WiFi-3D-Fusion – Real-time 3D motion sensing with Wi-Fi,MaliosDark,https://github.com/MaliosDark/wifi-3d-fusion,"Live local Wi-Fi sensing with CSI: real-time motion detection + visualization, with optional bridges to:
<ul><li>Person-in-WiFi-3D (multi-person 3D pose from Wi-Fi) [CVPR 2024].</li><li>NeRF² (neura… [+20037 chars]"
Litellm (YC W23) is hiring a back end engineer,,https://www.ycombinator.com/companies/litellm/jobs/6uvoBp3-founding-backend-engineer,"TLDR
LiteLLM is an open-source LLM Gateway with 27K+ stars on GitHub and trusted by companies like NASA, Rocket Money, Samsara, Lemonade, and Adobe. Were rapidly expanding and seeking a founding ful… [+2264 chars]"
Python - Comment un petit projet de Noël est devenu le langage de l'IA et de la science,Korben,https://korben.info/python-documentaire-histoire.html,"Y’a pas une semaine qui passe sans que je code un petit peu de Python, alors quand je suis tombé sur
ce documentaire que Cult.Repo vient de sortir
, je me suis dit que c’était l’occasion d’en appre… [+3262 chars]"
Counting Words at SIMD Speed,,https://healeycodes.com/counting-words-at-simd-speed,"I've written some progressively faster word counting programs. First, we'll start with Python, and then we'll drop down to C, and finally, we'll use single instruction, multiple data (SIMD) programmi… [+11127 chars]"
Pascal? On my Arduino? It’s More Likely Than You Think,Tyler August,https://hackaday.com/2025/08/27/pascal-on-my-arduino-its-more-likely-than-you-think/,"The Arduino ecosystem is an amazing learning tool, but even those of us who love it admit that even the simplified C Arduino uses isn’t the ideal teaching language. Those of us who remember learning … [+1716 chars]"
Roll Your Own SSB Receiver,Al Williams,https://hackaday.com/2025/08/19/roll-your-own-ssb-receiver/,"[Paul Maine] was experimenting with GNU Radio and an RTL-SDR dongle. He created an SSB receiver and, lucky for us, he documented it all in a video you can see below. He walks through how to generate … [+1207 chars]"
The (Data) Plot Thickens,Al Williams,https://hackaday.com/2025/08/28/the-data-plot-thickens/,"You’ve generated a ton of data. How do you analyze it and present it? Sure, you can use a spreadsheet. Or break out some programming tools. Or try LabPlot. Sure, it is sort of like a spreadsheet. But… [+1488 chars]"
Silent No More: Open-Source Fix for Mic Mishaps,Matt Varian,https://hackaday.com/2025/08/30/silent-no-more-open-source-fix-for-mic-mishaps/,"“Sorry, my mic was muted…” With the rise of video calls, we’ve all found ourselves rushing to mute or unmute our mics in the midst of a call. This open-source Mute Button, sent in by [blackdevice], a… [+1409 chars]"
Python survey shows growth even as Foundation funding falters,Tim Anderson,https://www.theregister.com/2025/08/19/python_survey/,"The Python Software Foundation (PSF), in association with tools vendor JetBrains, has published the eighth Python Developer Survey, with more than 30,000 contributors, making it the biggest yet.
The… [+3618 chars]"
How An Attacker's Blunder Gave Us a Rare Look Inside Their Day-to-Day Operations,Jamie Levy,https://www.huntress.com/blog/rare-look-inside-attacker-operation,"Figure 8: Threat actor starts to rely on automated workflows
The threat actor also appeared to be interested in other AI tools to help with data generation and writing. We saw multiple Google search… [+13049 chars]"
Windows-Use: an AI agent that interacts with Windows at GUI layer,CursorTouch,https://github.com/CursorTouch/Windows-Use,"Windows-Use is a powerful automation agent that interact directly with the Windows at GUI layer. It bridges the gap between AI Agents and the Windows OS to perform tasks such as opening apps, clickin… [+1705 chars]"
Delphi (Object Pascal) in the Age of AI,,https://learndelphi.org/delphi-ai-ultimate-guide/,Machine Learning is a branch of artificial intelligence that deals with the design and development of algorithms that can learn from and make predictions on data. Machine Learning algorithms have bee… [+1756 chars]
Nvidia Tilus: A Tile-Level GPU Kernel Programming Language,NVIDIA,https://github.com/NVIDIA/tilus,"Documentation | Paper
Tilus is a powerful domain-specific language (DSL) for GPU programming that offers:
<ul><li>Thread-block-level granularity with tensors as the primary data type.</li><li>Expli… [+1436 chars]"
Closer to the Metal: Leaving Playwright for CDP,,https://browser-use.com/posts/playwright-to-cdp,"Goodbye Playwright, Hello CDP
Playwright and Puppeteer are great for making QA tests and automation scripts short and readable, but as AI browser companies have been learning the hard way over the l… [+15427 chars]"
heise+ | So rechnen Sie selbst auf einem Quantencomputer,Dr. Sabrina Patsch,https://www.heise.de/ratgeber/So-rechnen-Sie-selbst-auf-einem-Quantencomputer-10514870.html?wt_mc=rss.red.ho.ho.atom.beitrag_plus.beitrag_plus,"Inhaltsverzeichnis
Quantencomputer sind keine Vision von morgen, keine mystische Zukunftstechnologie, sondern es gibt sie bereits heute und Sie können sie benutzen. Zugegeben, heutige Geräte sind no… [+2082 chars]"
I replaced Animal Crossing's dialogue with a live LLM by hacking GameCube memory,,https://joshfonseca.com/blogs/animal-crossing-llm,"A bridge from 2001 to today, with no game code changes required.
Cookie: ""Oh my gosh, Josh :)! I just had the weirdest dream, like, everything we do is a game! Arfer!""
Animal Crossing. Infamous for… [+11656 chars]"
Is AI the end of software engineering or the next step in its evolution?,Sheon Han,https://www.theverge.com/ai-artificial-intelligence/767973/vibe-coding-ai-future-end-evolution,"<ul><li></li><li></li></ul>
With vibe-coding, anyone can become a coder. But can they grow into a software engineer?
The first time I used ChatGPT to code, back in early 2023, I was reminded of The… [+17446 chars]"
Ask HN: Do you still bookmark websites?,,https://news.ycombinator.com/item?id=44925438,"Another shot at a bookmark manager is welcome.The usual story is ""I bookmarked 20,000 web pages over 3 years and then I realized I never looked at any of them!""
I built an ""image sorter"" which used … [+433 chars]"
Building a Halloween Vending Computer That Talks,John Elliot V,https://hackaday.com/2025/09/01/building-a-halloween-vending-computer-that-talks/,"Our hacker from [Appalachian Forge Works] wrote in to let us know about their vending machine build: a Halloween vending computer that talks.
He starts by demonstrating the vending process: a backli… [+1858 chars]"
Ask HN: Who wants to be hired? (September 2025),,https://news.ycombinator.com/item?id=45093190,"Main tech skills:- Backend Programming: Zig, Rust, Haskell, Python, JS, TypeScript, Node, Vue, React, Elm, Scala, C, C++, SQL, Perl, PHP, Clojure, OCaml, Erlang, Elixir, Theorem provers (TLA+, Isabel… [+916 chars]"
GNU Artanis – A fast web application framework for Scheme,Artanis Dev Team,https://artanis.dev/index.html,"More seriously, Artanis is written using GNU Guile, one of the best implementations of Scheme language.
One day, the folks at GNU were discussing what language they would write the GNU website in - … [+514 chars]"
Как получать котировки с любых сайтов в Эксель на примере investing.com,empenoso,https://habr.com/ru/articles/944670/#post-content-body,"Excel: ,     .   Excel :   «»   .    ,  :   . 
  Excel       USD/RUB  investing.com.   : -  Excel, . Excel   ,   «»  , ,      Excel .
 :
1. Excel () &gt; 2. &gt; 3. - 
 ( ) (Excel Data Bridge) (i… [+1385 chars]"
The ABC Programming Language,,https://homepages.cwi.nl/~steven/abc/,"(Also
available in Japanese)
New: The Origins
of Python - An article by Lambert Meertens on the origins of ABC, and its
influence on Python.
New: Implementation for
the Raspberry Pi!.
The ABC … [+2344 chars]"
Left to Right Programming: Programs Should Be Valid as They Are Typed,,https://graic.net/p/left-to-right-programming,"2025-08-17Programs Should Be Valid as They Are Typed
I dont like Pythons list comprehensions:
text =""apple banana cherry\ndog emu fox""
words_on_lines =[line.split()for line in text.splitlines()]
… [+6344 chars]"
"[Перевод] Python и множества: генераторы, которые делают код чище",python_leader,https://habr.com/ru/articles/943720/#post-content-body,"Python for Devs Python. , . , , .
Python . , «». , , Python-.
 , :
<ul><li> Python , .
</li><li>Python : , , .
</li><li> : { for in _ [if ]}.
</li><li> .
</li><li> , Python:  for, , .
</li></… [+4140 chars]"
Lessons from building an AI data analyst,,https://www.pedronasc.com/articles/lessons-building-ai-data-analyst,"TL;DR
<ul><li>Text-to-SQL is not enough. Answering real user questions requires going the extra mile like multi-step plans, external tools (coding) and external context.</li><li>Context is the produ… [+20232 chars]"
Anzeige: Python von den Basics bis zu fortgeschrittenen Techniken,Golem Karrierewelt,https://www.golem.de/sonstiges/zustimmung/auswahl.html?from=https%3A%2F%2Fwww.golem.de%2Fnews%2Fanzeige-python-von-den-basics-bis-zu-fortgeschrittenen-techniken-2508-198803.html&referer=https%3A%2F%2Ft.co%2F73ec3a0e1b,"Besuchen Sie Golem.de wie gewohnt mit Werbung und Tracking,
 indem Sie der Nutzung aller Cookies zustimmen.
 Details zum Tracking finden Sie im Privacy Center.
Skript wurde nicht geladen. Informat… [+607 chars]"
Анализ лиц с домофона: как я победил несовместимости и собрал dlib+CUDA на Ubuntu — готовый скрипт,empenoso,https://habr.com/ru/articles/935098/#post-content-body,". , ? , , , - - ? 
, . , , , .
 - « » : , .
 , , . , , .
 GitHub.
 1: dlib CUDA- Ubuntu
dlib - Python , . . « » pip CPU, .
 NVIDIA GeForce RTX 5060 Ti 16 CUDA- - NVIDIA, . : CPU , GPU - . CUDA… [+3762 chars]"
One of the most in-demand skills in Silicon Valley is a software program released 40 years ago,Lakshmi Varanasi,https://www.businessinsider.com/excel-most-in-demand-skill-tech-job-listings-ai-2025-8,"Excel still remains a valuable skill in Silicon Valley.Shutterstock
<ul><li>Tech firms are offering millions for AI pros amid the Silicon Valley talent wars.</li><li>Excel, however, is still the top… [+3335 chars]"
Eric Idle Makes Cryptic Accusation Following the Death of Monty Python’s Production Company,JM McNab,https://www.cracked.com/article_47853_eric-idle-makes-cryptic-accusation-following-the-death-of-monty-pythons-production-company.html,"Anyone holding their breath that the four surviving members of Monty Python are going to reunite for a new project is probably going to die of oxygen deprivation at this point.
As author and podcast… [+2079 chars]"
Новые темы и фокус на практике: как изменился курс по Data Science в Яндекс Практикуме,ira-k (Яндекс Практикум),https://habr.com/ru/companies/yandex_praktikum/articles/938956/#post-content-body,"« Data Science» . 2019 , , .
 , , , .
« Data Science» . 13 .
 17 , , . Data Science, .
 :
:
- . .
 . . : , .
 , - . 17 , 22. .
.
- . , , - . .
 , JMF-, , Data Science.
 .
<ul><li> Git. ,… [+716 chars]"
heise+ | IT-Sicherheit: Mit KI Schwachstellen finden und ausnutzen,", Marius Schwarz",https://www.heise.de/ratgeber/IT-Sicherheit-Mit-KI-Schwachstellen-finden-und-ausnutzen-10517021.html?wt_mc=rss.red.ho.ho.atom.beitrag_plus.beitrag_plus,"Inhaltsverzeichnis
In der Cybersecurity ist generative KI in den letzten Jahren zum Dauerthema geworden. Auch KI-Agenten werden von Angreifern und Verteidigern zunehmend genutzt. Dazu ist mitunter e… [+1935 chars]"
"Heimkino-Test: ""Die Ritter der Kokosnuss"" auf UHD, Blu-ray und im Stream",Timo Wolters,https://www.heise.de/tests/Heimkino-Test-Die-Ritter-der-Kokosnuss-auf-UHD-Blu-ray-und-im-Stream-10549937.html?wt_mc=rss.red.ho.ho.atom.beitrag.beitrag,"Inhaltsverzeichnis
close notice
This article is also available in
 English.
It was translated with technical assistance and editorially reviewed before publication.
Dont show this again.
Englan… [+4213 chars]"
[Перевод] Осваиваем LLM: подробное знакомство с книгой Себастьяна Рашки «Создание  LLM с нуля»,ph_piter (Издательский дом «Питер»),https://habr.com/ru/companies/piter/articles/946344/#post-content-body,"«  LLM », , , .
 , : (LLM). , , . , LLM. , ; .
1. : , LLM . . , , , .
2. : , . , , , . , , , .
3. : . , LLM, , , , . , , , .
4. : LLM. , Python PyTorch, , . , , .
5. : LLM, (transformer block).… [+378 chars]"
"Программирование для детей в Химках: где и чему учат, как выбрать",zubkovase (Пиксель),https://habr.com/ru/companies/pixel_study/articles/939438/#post-content-body,"Pixel , IT- . : , , .
, . 
 : , .
 : 
 , . 2, Language Link. « » ( 1, 3, 4 ., 1 203). , « ». Yoga Fresh, «» . .
: .
: , Scratch, Python, Lua, C#, JavaScript . . : , , . .
 .
: IT-.
 :
<ul><… [+681 chars]"
Las matemáticas son bellas y estas imágenes lo demuestran,alvy@microsiervos.com (Alvy),https://www.microsiervos.com/archivo/matematicas/matematicas-bellas-imagenes-demuestran.html,"Por @Alvy22 de agosto de 2025
Las matemáticas son bellas (MathIsBeautiful&amp;ast;) es un proyecto matemático-científico personal de Raimon Luna, un investigador de la Universidad de Barcelona.
Es … [+966 chars]"
XTools-py — универсальные утилиты для Python-разработчиков,Zagir-vip,https://habr.com/ru/articles/936580/#post-content-body,"- Python « »«- , » .
XTools-py Python, ., .
 :
pip install xtools-py
<ul><li>Find .
</li><li>Matrix .
</li><li>Config JSON, YAML, INI.
</li><li>Validator , .
</li><li>Cache TTL.
</li><li>Dat… [+10252 chars]"
"Python: Генераторы. Методы send, throw и close",Pavel_K,https://habr.com/ru/articles/936984/#post-content-body,"Python: , . , - .
 . , send, throwclose. , , close Python 3.13. , , CPython .
 , , Python 3.10.
, , (generator comprehension).
 :
&gt;&gt;&gt; gen = (i for i in range(10))
, .
&gt;&gt;&gt; gen… [+9233 chars]"
Как НЕ нужно писать автотесты на Python,sound_right,https://habr.com/ru/articles/942532/#post-content-body,", Python. , . , , .
 : . «», «». , , .
. ; , . . , .
. : « . ? ?»
 , . «», « ». - 3500 , : UI-, API-, , , , . , .
: , «» « ». , , .
 : . , - . , , . , , : , « ».
«» .
 1. « »
. « N , ». time… [+20444 chars]"
Trey Parker and Matt Stone Remade a Classic Monty Python Sketch Using ‘South Park’ Characters,JM McNab,https://www.cracked.com/article_48088_trey-parker-and-matt-stone-remade-a-classic-monty-python-sketch-using-south-park-characters.html,"Trey Parker and Matt Stone are clearly big fans of Monty Pythons Flying Circus, and famously credited Terry Gilliams cut-and-paste animations as the primary influence on South Parks construction pape… [+2249 chars]"
"Телекоммуникации, сетевая безопасность и протоколы с нуля — что нужно знать админам","randall (MWS, МТС)",https://habr.com/ru/companies/mws/articles/944288/#post-content-body,", , , , .
 Rust 
, -, . -, . , , . 
 , Network Status API , Actix Web ( Rust). : , . 
Village Telco, Wi-Fi mesh- -. , Mozilla Corporation (APC). 2008 -. 
, , . , . , .
, 2009 . AfTerFibre. , , … [+610 chars]"
DeepCode: Open Agentic Coding,HKUDS,https://github.com/HKUDS/DeepCode,"<table><tr><td>Automated Implementation of Complex Algorithms
Effortlessly converts complex algorithms from research papers into high-quality, production-ready code, accelerating algorithm reproduct… [+17094 chars]"
"Скрытая грамматика: почему len() — это полисемия, а хороший код — набор идиом. Как филология объясняет «чистый код»",art_lak,https://habr.com/ru/articles/941110/#post-content-body,"(https://habr.com/ru/articles/940782/) : . , c , !
 ,   , , , . , ,    «» ()   «» ( ). 
 : « , ». , . ,  +  , ?  if not my_list  , , « » «»? , - , . 
 . :)
 1. - + : 
  «»  , . , «» , (« »), , (… [+1821 chars]"
John Cleese Threatens to Leak Emails That Will Damage Eric Idle’s Credibility,JM McNab,https://www.cracked.com/article_47878_john-cleese-threatens-to-leak-emails-that-will-damage-eric-idles-credibility.html,"Monty Python may be over, but Monty Python Twitter feuds seem to be never-ending.
Weve talked before about how ex-Pythons John Cleese and Eric Idle have been dunking on each other on social media si… [+2185 chars]"
Парсинг данных в Python: от простых строк до датасетов,mk-samoilov,https://habr.com/ru/articles/940144/#post-content-body,"Python. , HTML BeautifulSoup, pandas , , , (, IMDb) CSV-.
 Python, . : beautifulsoup4requestspandas python python ( 3&gt; ).
 pip: pip install beautifulsoup4 requests pandas
1. 
 (regex) . Python… [+2762 chars]"
Llama-Scan: Convert PDFs to Text W Local LLMs,ngafar,https://github.com/ngafar/llama-scan,"A tool for converting PDFs to text files using Ollama.
<ul><li>Convert PDFs to text files locally, no token costs.</li><li>Use the latest multimodal models supported by Ollama.</li><li>Turn images a… [+898 chars]"
Piramidal (YC W24) Is Hiring Back End Engineer,,https://www.ycombinator.com/companies/piramidal/jobs/1HvdaXs-full-stack-engineer-platform,"We are looking for a software engineer to help us enable interactions and automations with Piramidals newest technologies. We value proactive, customer-centric engineers who prioritize foundational d… [+1315 chars]"
Ask HN: Who is hiring? (September 2025),,https://news.ycombinator.com/item?id=45093192,"Revere Defense Technologies - Autonomous Networks and InfrastructureSan Francisco (Dogpatch) | On-site w/ flexibility | Full-time | Multiple Roles, $120k220k + equity + benefits
Why: Comms are conte… [+1269 chars]"
"Shell to pay: Crims invade your PC with CastleRAT malware, now in C and Python",Iain Thomson,https://www.theregister.com/2025/09/05/clickfix_castlerat_malware/,A team of data thieves has doubled down by developing its CastleRAT malware in both Python and C variants. Both versions spread by tricking users into pasting malicious commands through a technique c… [+3198 chars]
Astrophysics Source Code Library,,http://ascl.net/,"The Astrophysics Source Code Library (ASCL) is a free online registry and repository for source codes of interest to astronomers and astrophysicists, including solar system astronomers, and lists cod… [+5583 chars]"
Setting serial baud rate on ESP-IDF does nothing,Chris Greening,https://atomic14.substack.com/p/this-number-does-nothing,"What are we talking about? This line of code that appears in pretty much every single Arduino sketch/project:
Serial.begin(115200);
This line of code is everywhere - a quick search on GitHub finds … [+2266 chars]"
DINOv3,facebookresearch,https://github.com/facebookresearch/dinov3,"[2025-08-14] DINOv3 backbones are now available in Hugging Face Hub and supported by the Hugging Face Transformers library
Meta AI Research, FAIR
Oriane Siméoni, Huy V. Vo, Maximilian Seitzer, Fede… [+20339 chars]"
Why Nim?,Basil Ajith,https://undefined.pyfy.ch/why-nim,"You might have heard of the line, ""one ring to rule them all"" from the book the Lord of the Rings. Though, this ring is an evil object created by the evil Sauron, the idea of just one thing existing … [+2384 chars]"
Launch HN: Dedalus Labs (YC S25) – Vercel for Agents,,https://news.ycombinator.com/item?id=45054040,"Hey HN! We are Windsor and Cathy of Dedalus Labs (https://www.dedaluslabs.ai/), a cloud platform for developers to build agentic AI applications. Our SDK allows you to connect any LLM to any MCP tool… [+3510 chars]"
Tencent Open Sourced a 3D World Model,Tencent-Hunyuan,https://github.com/Tencent-Hunyuan/HunyuanWorld-Voyager,"We introduce HunyuanWorld-Voyager, a novel video diffusion framework that generates world-consistent 3D point-cloud sequences from a single image with user-defined camera path. Voyager can generate 3… [+8325 chars]"
heise+ | OSINT-Tool: Mit theHarvester mehr Informationen zu einer Domain herausfinden,Wilhelm Drehling,https://www.heise.de/ratgeber/OSINT-Tool-Mit-theHarvester-mehr-Informationen-zu-einer-Domain-herausfinden-10512119.html?wt_mc=rss.red.ho.ho.atom.beitrag_plus.beitrag_plus,"Inhaltsverzeichnis
Mit einem einfachen Befehl in der Kommandozeile läuft das Open-Source-Tool theHarvester los und trägt fleißig alle öffentlichen Informationen zu einer Domain zusammen. Dazu befrag… [+1111 chars]"
"Desarrollo web, inteligencia artificial, ciberseguridad y más: cinco cursos con titulación para estudiar online o presencial",Alberto García,https://www.xataka.com/seleccion/desarrollo-web-inteligencia-artificial-ciberseguridad-cinco-cursos-titulacion-para-estudiar-online-presencial,Seguir formándose tras la universidad es útil tanto para adquirir nuevos conocimientos como para acceder a determinados puestos de trabajo. Si no has encontrado ese curso o máster que tanto tiempo ll… [+5108 chars]
"Bus Factor: что такое, как рассчитать и как использовать результат",kbeklemishev (Контур),https://habr.com/ru/companies/skbkontur/articles/928642/#post-content-body,". , . , , - Bus Factor . . - , .
 Bus Factor?
 , , , - .
Bus Factor (-, BF, ) , . : , .
Bus Factor , ( ) - .
Bus Factor Python. 1994 Python .
 , Python . , Python, . .
// Michael Mc Lay
 , . … [+2214 chars]"
"Freitag: Datenschutz von Tech-Konzernen, Space Force mit Laser und Quantensensor",Frank Schräer,https://www.heise.de/news/Freitag-Datenschutz-von-Tech-Konzernen-Space-Force-mit-Laser-und-Quantensensor-10574180.html,"Keine Hintertüren für ausländische Spione, keine Zensur von Amerikanern darauf pocht der Chef der US-Handelsbehörde. Er lädt US-Konzerne vor, denn er befürchtet Überreaktionen von Google, Amazon, App… [+7077 chars]"
Обработка результатов моделирования Fire Dynamics Simulator на Python (часть 1),Roman_Mironenko,https://habr.com/ru/articles/942348/#post-content-body,", 15 , - .
 Fire Dynamics Simulator (FDS), . . , ., FDS . FDS .
 FDS
 FDS (DEVC). , .csv, . decv.csv. (ID), CSV-. (x, y, z) ( FDS).
 FDS:
&amp;DEVC ID = 'Temp_1m',XYZ = 0.1, 0.1, 1.3,QUANTITY = … [+2427 chars]"
Website Is Served from Nine Neovim Buffers on My Old ThinkPad,,https://vim.gabornyeki.com/,"August 18, 2025
TL;DR:
I wrote a Neovim plugin in Lua that serves HTTP requests from open buffers.
It has no external dependencies, it has first-class support for serving content in Djot, and it i… [+10743 chars]"
John Cleese Blames Eric Idle for ‘Monty Python and the Holy Grail’s Worst Scene,JM McNab,https://www.cracked.com/article_48235_john-cleese-blames-eric-idle-for-monty-python-and-the-holy-grails-worst-scene.html,"John Cleese recently embarked on a live tour celebrating the 50th anniversary of Monty Python and the Holy Grail. Each event will be part film screening, part live Q&amp;A and, presumably, part creep… [+2423 chars]"
Python Morsels: Python REPL Shortcuts & Features,Trey Hunner,https://www.pythonmorsels.com/repl-features/,"Python 3.13 introduced a completely redesigned REPL with a much more modern feel.
It's easy to overlook many of the features in the new Python REPL.
Let's explore the various hidden features the ne… [+10158 chars]"
Портрет плохого рекрутера,konstantin_matyunin,https://habr.com/ru/articles/939788/#post-content-body,"« » . ( ) , , AI- . .
 -. , IT-. , , . , .
 , , . , , . , ? : , , .
 , , .
«» . , , . :
 , , , , , . , .
 ? 
1. . , . .
, ghost job, , . , , .
 : , , . , . , , , .
 , , : , .
 - , , . .
2… [+329 chars]"
Reverse engineering Solos smart glasses,John Floren,https://jfloren.net/b/2025/8/28/0,"First and foremost: If you’ve got any documentation on this hardware, please contact me! I would love to read the actual specs for this protocol.
Background
Before the audio-only AI-based smart gla… [+8100 chars]"
Dyna – Logic Programming for Machine Learning,,https://dyna.org/,"About the Dyna Programming Language
Dyna is a programming language designed by and for machine learning
 researchers. Dyna builds on the paradigm of logic programming languages
 such as Datalog an… [+7658 chars]"
NetPeek - Un scanner réseau sous Linux facile à utiliser,Korben,https://korben.info/netpeek-scanner-reseau-linux.html,"Hier soir, je suis tombé sur NetPeeket franchement, ça m’a fait plaisir de voir qu’enfin quelqu’un s’attaque au problème de la complexité de nmap pour les utilisateurs normaux.
NetPeek, c’est donc c… [+2341 chars]"
Какие сайты может создать ученик 9-го класса: примеры проектов по веб-программированию,zubkovase (Пиксель),https://habr.com/ru/companies/pixel_study/articles/942016/#post-content-body,"9- . , .
 , : , - 9- .
 . , .
 9- : 
 : 9- , . .
 , , : - 9- , . , : , IT , - .
 : 9- , , . , .
 9- 
 Python Django -. , , HTML, CSS JavaScript.
 -, , :
<ul><li>HTML ;
</li><li>CSS ;
</li… [+310 chars]"
Как Кант объяснил бы работу компьютера: трансцендентальный подход к взаимодействию железа и софта,v5093075,https://habr.com/ru/articles/936436/#post-content-body,": 
, , , XVIII . : « , , . : , ». 
, , : « ?» , , : () ()?
 : res cogitans , (, ) res extensa , (, ). , , , . , , , . , « » « » (, ), .
 , . (, ), (, ) : , , , , , . 
 (, ): , , . 
 : , ( ?), ,… [+814 chars]"
I'm a high-school student who wants to be a coder. I'm betting some of my peers will rely too much on AI.,Tim Paradis,https://www.businessinsider.com/high-school-student-coder-despite-ai-2025-8,"Joshua KarolyCourtesy Karoly Family
<ul><li>High-school senior Joshua Karoly aims for a tech career despite AI's rise.</li><li>Karoly began coding in second grade and has developed skills through se… [+4533 chars]"
I raised $3 million for my AI startup as a full-time Yale student. Here's how I manage my time so I can do both.,Joshua Nelken-Zitser,https://www.businessinsider.com/nathaneo-johnson-yale-student-series-raised-million-ai-startup-time-2025-9,"Nathaneo Johnson is a senior at Yale.Courtesy of Nathaneo Johnson
<ul><li>Nathaneo Johnson raised $3.1 million in pre-seed funding for the startup he cofounded, Series.</li><li>He started it while a… [+5511 chars]"
Python Bytes: #446 State of Python 2025,Michael Kennedy (@mkennedy),https://pythonbytes.fm/episodes/show/446/state-of-python-2025,"Join us on YouTube at pythonbytes.fm/live to be part of the audience. Usually Monday at 10am PT. Older video versions available there too.Finally, if you want an artisanal, hand-crafted digest of eve… [+34003 chars]"
Nyxstone: An LLVM-based (Dis)assembly Framework,Darius Hartlief and Tim Blazytko,https://www.emproof.com/introducing-nyxstone-an-llvm-based-disassembly-framework/,"Darius Hartlief and Tim Blazytko
At Emproof, our mission is to enhance the security and integrity of embedded systems through innovative binary rewriting techniques. We are committed to providing ad… [+18124 chars]"
"I built a $30 ""Now Playing"" display for my record player with an ESP32, and it looks great",Adam Conway,https://www.xda-developers.com/built-now-playing-display-record-player-esp32/,"The ESP32 is an incredibly versatile microcontroller, and so long as you have the wires and the hardware to connect it to, you can do practically anything with it. I built an LED matrix display with … [+6400 chars]"
if err != nil: почему мы (не) любим обработку ошибок в Go? Обзор предложений по её улучшению,"ewolf (AvitoTech, Конференции Олега Бунина (Онтико))",https://habr.com/ru/companies/avito/articles/944824/#post-content-body,", ! , . , . Go, , if err != nil. 
, , Go . proposal . , .
 , Go 2000+ . if err != nil. . Go , . Go-, , Go.
Golang Conf 2025. .
:
 Go
 Golang . 
 Go:
func doSomething() {
    one()
    two()… [+12244 chars]"
